Email,FullName,MembershipDate,Password
alice.smith@example.com,Alice Smith,2022-07-29,pass1
bob.johnson@example.com,Bob Johnson,2023-10-12,pass2
charlie.brown@example.com,Charlie Brown,2021-02-04,pass3
diana.lee@example.com,Diana Lee,2020-02-08,pass4
edward.martin@example.com,Edward Martin,2022-02-06,pass5
fiona.clark@example.com,Fiona Clark,2020-07-30,pass6
george.wilson@example.com,George Wilson,2024-10-16,pass7
helen.hall@example.com,Helen Hall,2022-12-03,pass8
isaac.king@example.com,Isaac King,2021-09-23,pass9
jasmine.young@example.com,Jasmine Young,2023-06-04,pass10
kevin.moore@example.com,Kevin Moore,2022-12-28,pass11
laura.walker@example.com,Laura Walker,2021-05-05,pass12
michael.robinson@example.com,Michael Robinson,2021-12-25,pass13
natalie.harris@example.com,Natalie Harris,2021-02-21,pass14
oliver.martinez@example.com,Oliver Martinez,2021-03-04,pass15
patricia.lewis@example.com,Patricia Lewis,2021-04-21,pass16
quentin.clark@example.com,Quentin Clark,2021-12-29,pass17
rachel.roberts@example.com,Rachel Roberts,2021-03-27,pass18
steven.moore@example.com,Steven Moore,2020-10-14,pass19
tina.lee@example.com,Tina Lee,2020-04-05,pass20
ursula.morris@example.com,Ursula Morris,2024-03-19,pass21
victor.hall@example.com,Victor Hall,2021-07-18,pass22
wendy.wright@example.com,Wendy Wright,2022-08-28,pass23
xavier.hughes@example.com,Xavier Hughes,2021-06-23,pass24
yvonne.cox@example.com,Yvonne Cox,2020-12-30,pass25
zachary.bailey@example.com,Zachary Bailey,2024-06-08,pass26
amelia.bennett@example.com,Amelia Bennett,2023-11-26,pass27
benjamin.richards@example.com,Benjamin Richards,2020-12-30,pass28
caroline.foster@example.com,Caroline Foster,2022-10-05,pass29
daniel.hughes@example.com,Daniel Hughes,2021-02-20,pass30